﻿Designator,Footprint,Quantity,Value,LCSC Part #
"C1, C15, C2, C20, C23, C24, C25, C26, C27, C28, C29, C3, C5, C8, C9",0402,15,0.1u,
C10,0402,1,22u,
"C11, C12",0402,2,15p,
"C13, C14, C17, C7",0402,4,1u,
C16,0603,1,47n,
"C18, C19",1210,2,2.2u X7R,
"C21, C22",CP_EIA-7343-31_Kemet-D,2,15u,
"C30, C31, C32, C33, C34, C35",CP_EIA-7343-31_Kemet-D,6,"10u, 50V",
C4,0402,1,4.7u,
C6,0603,1,4.7u,
"D1, D2",0201,2,BLUE,
"D10, D13, D6, D8",Nexperia_DSN1608-2_1.6x0.8mm,4,D_TVS,
D11,SOT-23,1,D_TVS_Dual_AAC,
"D12, D4, D5, D7, D9",SOT-523,5,ESDA5V3L,
D19,D_SOD-123,1,MBR0580 900mV 2A,
D3,0201,1,RED,
FB1,0603,1,FerriteBead_Small,
J1,AMASS_XT60PW-M_1x02_P7.20mm_Horizontal,1,XT60,
J10,JST_PH_S5B-PH-K_1x05_P2.00mm_Horizontal,1,PH,
J3,JST_PH_S6B-PH-K_1x06_P2.00mm_Horizontal,1,PH,
"J4, J5",JST_PH_S4B-PH-K_1x04_P2.00mm_Horizontal,2,PH,
"J6, J7",JST_PH_S2B-PH-K_1x02_P2.00mm_Horizontal,2,PH,
J8,PinSocket_1x02_P1.27mm_Vertical,1,PIN,
L1,L_Radial_D7.8mm_P5.00mm_Fastron_07HCP,1,47u,
"Q1, Q2, Q3, Q4, Q5, Q6",TDSON-8-1,6,CSD18540Q5B,
R1,0402,1,110k,
"R10, R11, R12",2512,3,1m,
"R13, R14, R15, R16, R17, R18, R20",0402,7,120,
"R19, R2, R6, R7",0402,4,10k,
"R21, R22, R5",0402,3,56,
"R3, R4",0402,2,15,
R8,0402,1,57.6k 1%,
R9,0805,1,10.4k 1%,
U1,QFN-48-1EP_7x7mm_P0.5mm_EP5.15x5.15mm_ThermalVias,1,STM32G431CBU6,
U2,RGZ0048A,1,DRV8323RSRGZR,
U3,SOT-223-3_TabPin2,1,AMS1117-3.3,
U4,SOIC-8_3.9x4.9mm_P1.27mm,1,~,
Y1,Oscillator_SMD_EuroQuartz_XO32-4Pin_3.2x2.5mm,1,Crystal_16Mhz,
